error,8760
0,0.0
10,0.7031320106761286
20,2.4714616002036953
30,5.125022838319362
40,8.543638491276228
50,12.58563542867835
60,17.07867531098375
70,21.982503638017338
80,27.037993282917636
90,32.127309352093775
100,37.675659963941584
