name,hydro,solar,wind,nuclear,fossil fuels
Ontario,0.2588107606615421,0.00472996046113783,0.09442115316331604,0.5381255251812088,0.10391260053279502
California,0.08631151318626522,0.18417994414000416,0.1265599143336851,0.10477528501260198,0.49817612049971
Victoria,0.060668423119218017,0.08762201853993015,0.18679307618149354,,0.6649164821593583
Mumbai,0.03495454738744407,0.011513484080564015,0.03163326280220183,0.020633560737764085,0.901265144992026
