slack,Oceania
8760,"(44.62261526927952, 44.62261526927952)"
24,"(0.015030281156391823, 0.015030281156391823)"
