slack,Oceania
8760,239.14064521842735
24,21.204177081822355
