migration,Asia,Americas,Global,Europe,Oceania
one,14.438179604498925,25.622412352102724,20.587723432914427,25.788763542421588,34.791648395405176
inf,14.438179604498925,25.622412352102724,20.587723432914427,25.788763542421588,34.791648395405176
