error,inf
0,0.0
10,0.2743823098957601
20,1.2608300116315057
30,2.99318086508844
40,5.751095721245786
50,10.751066274366666
60,16.917610221241304
70,23.97854660777914
80,30.44895633118915
90,37.133679693077475
100,43.7325546022179
