slack,Asia,Americas,Global,Europe,Oceania
8760,9.188917441093752,15.345012290670645,20.891657761695075,20.084993056981766,17.132915015660085
24,0.6211100076872079,1.7271464574105992,1.9116835115965953,1.6220503333558598,0.09422954078567015
