slack,Asia,Americas,Global,Europe,Oceania
8760,9.465541848737741,16.33699847901058,24.190491492659763,29.23680770539518,17.190860190557444
24,0.5531842531051286,1.5861249933410726,2.0060756735250638,2.3413270601259155,0.2101370581077515
