slack,Oceania
8760,"(109.46999154996462, 109.46999154996463)"
24,"(30.480547508605085, 30.480547508605078)"
