slack,Oceania
8760,188.51387114514205
24,52.84125404075975
