slack,Asia,Americas,Global,Europe,Oceania
8760,11.632923882709298,19.228868634404776,22.591950183668636,24.586203708010494,30.183828782292924
24,1.3667976549901342,2.748312469662421,3.087904709514942,3.2290538928186234,4.060276495246001
