slack,Oceania
8760,"(43.74670421359518, 43.74670421359518)"
24,"(2.506318421059227, 2.506318421059227)"
