slack,Oceania
8760,246.354822917737
24,33.42811277599364
